{"accuracy": [0.5703750252723694, 0.6579999923706055, 0.6855000257492065, 0.7023749947547913, 0.7221249938011169, 0.7387499809265137, 0.7457500100135803, 0.7552499771118164, 0.7630000114440918, 0.7714999914169312, 0.7748749852180481, 0.7848749756813049, 0.7879999876022339, 0.7907500267028809, 0.7894999980926514, 0.7997499704360962, 0.8004999756813049, 0.8167499899864197, 0.8168749809265137, 0.8153749704360962, 0.8217499852180481, 0.8247500061988831, 0.824999988079071, 0.831125020980835, 0.8309999704360962, 0.8338750004768372, 0.8357499837875366, 0.8403750061988831, 0.8427500128746033, 0.8443750143051147, 0.8448749780654907, 0.8423749804496765, 0.8489999771118164, 0.8533750176429749, 0.8547499775886536, 0.8553749918937683, 0.8486250042915344, 0.8633750081062317, 0.8622499704360962, 0.862375020980835, 0.8651250004768372, 0.8633750081062317, 0.8662499785423279, 0.8697500228881836, 0.8715000152587891, 0.875374972820282, 0.8793749809265137, 0.8756250143051147, 0.8792499899864197, 0.8815000057220459], "loss": [0.673865795135498, 0.6229748725891113, 0.5932374000549316, 0.5718274712562561, 0.5460907816886902, 0.5266348123550415, 0.5103543400764465, 0.4997919201850891, 0.49199265241622925, 0.48435989022254944, 0.4663372337818146, 0.4611363708972931, 0.44928863644599915, 0.44078367948532104, 0.44311028718948364, 0.4318814277648926, 0.4273880422115326, 0.40860715508461, 0.4074353277683258, 0.39919212460517883, 0.39172691106796265, 0.385633260011673, 0.38766202330589294, 0.3795166015625, 0.3778340220451355, 0.3674734830856323, 0.3613570034503937, 0.36180952191352844, 0.3566844165325165, 0.3488633334636688, 0.3503914177417755, 0.3424907624721527, 0.33879145979881287, 0.3360602557659149, 0.32852908968925476, 0.32603707909584045, 0.3389374911785126, 0.3155323266983032, 0.31343501806259155, 0.3192073106765747, 0.3117060661315918, 0.3107481598854065, 0.3056638538837433, 0.2907922863960266, 0.29337310791015625, 0.2894566059112549, 0.29266369342803955, 0.2907407879829407, 0.28180789947509766, 0.27504053711891174], "val_accuracy": [0.637499988079071, 0.7070000171661377, 0.7310000061988831, 0.7379999756813049, 0.7490000128746033, 0.7634999752044678, 0.7664999961853027, 0.7839999794960022, 0.7764999866485596, 0.7870000004768372, 0.7879999876022339, 0.7839999794960022, 0.7919999957084656, 0.8015000224113464, 0.8130000233650208, 0.8119999766349792, 0.8159999847412109, 0.8240000009536743, 0.824999988079071, 0.8309999704360962, 0.840499997138977, 0.8309999704360962, 0.8424999713897705, 0.847000002861023, 0.8529999852180481, 0.8504999876022339, 0.8489999771118164, 0.8569999933242798, 0.8585000038146973, 0.8410000205039978, 0.8500000238418579, 0.8539999723434448, 0.8460000157356262, 0.8560000061988831, 0.8560000061988831, 0.8539999723434448, 0.8500000238418579, 0.8610000014305115, 0.8565000295639038, 0.8694999814033508, 0.8705000281333923, 0.8715000152587891, 0.8644999861717224, 0.8604999780654907, 0.8665000200271606, 0.8640000224113464, 0.8650000095367432, 0.8619999885559082, 0.8565000295639038, 0.8734999895095825], "val_loss": [0.6365361213684082, 0.577698826789856, 0.5567511916160583, 0.5341379642486572, 0.5274385213851929, 0.5047243237495422, 0.4901515245437622, 0.46523091197013855, 0.4725794196128845, 0.4579654037952423, 0.4502928853034973, 0.46078720688819885, 0.4567757546901703, 0.4307847321033478, 0.4304589331150055, 0.40474456548690796, 0.41785022616386414, 0.3972000181674957, 0.40063512325286865, 0.38623297214508057, 0.37653201818466187, 0.38063037395477295, 0.3712737560272217, 0.3526443541049957, 0.34805402159690857, 0.36217889189720154, 0.3510228097438812, 0.34446069598197937, 0.33831313252449036, 0.3666501045227051, 0.34656742215156555, 0.34299978613853455, 0.3515706956386566, 0.3340936303138733, 0.3418264091014862, 0.3522953987121582, 0.34169384837150574, 0.3356682062149048, 0.3401506841182709, 0.3177950978279114, 0.3105711340904236, 0.30446121096611023, 0.3240794539451599, 0.3228331506252289, 0.3098525106906891, 0.32481876015663147, 0.32751888036727905, 0.3271610736846924, 0.3450038433074951, 0.30830273032188416]}
